control,layer,val_accuracy,val_balanced_accuracy,val_roc_auc,test_accuracy,test_balanced_accuracy,test_roc_auc
main,0,0.4473684210526316,0.5,0.5,0.43026315789473685,0.5,0.5
main,1,0.6644736842105263,0.6633753501400561,0.733921568627451,0.6828947368421052,0.6790368031866432,0.7210204038392272
main,2,0.6618421052631579,0.655952380952381,0.7299089635854342,0.6657894736842105,0.6580361746156183,0.7120862201693611
main,3,0.6618421052631579,0.6562324929971989,0.7164495798319327,0.6907894736842105,0.6837193041930631,0.7327796258236753
main,4,0.6421052631578947,0.6364145658263305,0.6985434173669467,0.6684210526315789,0.6663347246647033,0.7160342112139896
main,5,0.6631578947368421,0.6596638655462185,0.7243207282913164,0.6342105263157894,0.6344400420930709,0.6836663347246646
main,6,0.6657894736842105,0.6631652661064426,0.7299089635854341,0.6289473684210526,0.6286981517186827,0.68526954396819
main,7,0.6947368421052632,0.692156862745098,0.7579481792717088,0.6407894736842106,0.6435825723386374,0.7037311693539843
main,8,0.7013157894736842,0.6989495798319327,0.7607072829131653,0.6697368421052632,0.6644949184623317,0.7116412766348144
main,9,0.6973684210526315,0.6892156862745098,0.7548949579831932,0.6684210526315789,0.665586089511339,0.7183295548445876
main,10,0.656578947368421,0.6509103641456583,0.7063795518207283,0.6631578947368421,0.6620901045970435,0.7171147883693174
main,11,0.7065789473684211,0.7051120448179271,0.7558333333333334,0.6684210526315789,0.6678319949714318,0.7280829996256825
main,12,0.7157894736842105,0.7126050420168067,0.7696498599439776,0.6671052631578948,0.6640570375235715,0.7297497722312858
main,13,0.7052631578947368,0.7011204481792717,0.7889005602240897,0.7131578947368421,0.7089645528317479,0.7779166754949114
main,14,0.75,0.7427170868347339,0.8318487394957984,0.725,0.7174855746481061,0.7934543862251132
main,15,0.8223684210526315,0.8224789915966386,0.9036134453781514,0.8131578947368421,0.810574118411481,0.8924437287680714
main,16,0.8710526315789474,0.8684873949579832,0.9463375350140056,0.8697368421052631,0.8692113199285265,0.9406671327979885
main,17,0.8592105263157894,0.8572128851540617,0.9392717086834734,0.8657894736842106,0.864998481541906,0.9329265278160334
main,18,0.8578947368421053,0.8560224089635855,0.9354131652661064,0.8578947368421053,0.8595673453821218,0.9290421001334831
main,19,0.8552631578947368,0.8519607843137255,0.9277380952380954,0.8460526315789474,0.84692883022226,0.9262099992231144
main,20,0.843421052631579,0.8378851540616246,0.9144397759103642,0.8381578947368421,0.8396261061790651,0.9252494861961567
main,21,0.8157894736842105,0.8098039215686275,0.9013795518207284,0.843421052631579,0.8464909492834997,0.9254966770486825
main,22,0.8131578947368421,0.8063025210084034,0.8926890756302521,0.8276315789473684,0.8300139133136992,0.9175865697678524
main,23,0.8236842105263158,0.8183473389355742,0.9031022408963585,0.8157894736842105,0.8226158442273873,0.9028398697657338
main,24,0.8289473684210527,0.8264705882352941,0.9033053221288516,0.8026315789473685,0.8091969122331222,0.8900000706259579
within_scenario_family,0,0.4473684210526316,0.5,0.5,0.43026315789473685,0.5,0.5
within_scenario_family,1,0.5289473684210526,0.5242296918767507,0.5240966386554622,0.5263157894736842,0.5225332118566859,0.5101312936556702
within_scenario_family,2,0.5460526315789473,0.5394257703081232,0.5207563025210084,0.5144736842105263,0.5057772033533204,0.5058866735880105
within_scenario_family,3,0.5197368421052632,0.5158963585434174,0.525889355742297,0.506578947368421,0.5007203847702184,0.5058442980132918
within_scenario_family,4,0.5157894736842106,0.5033613445378151,0.5012885154061625,0.5184210526315789,0.5148561702368089,0.5177800848924013
within_scenario_family,5,0.5368421052631579,0.5288515406162465,0.5296568627450982,0.5197368421052632,0.5107704585743444,0.5097922890579203
within_scenario_family,6,0.5302631578947369,0.5299019607843137,0.5299299719887955,0.5342105263157895,0.5242211722496486,0.5340311177970352
within_scenario_family,7,0.525,0.5220588235294118,0.523921568627451,0.5460526315789473,0.5443460389431531,0.5339958048181028
within_scenario_family,8,0.5197368421052632,0.52093837535014,0.527843137254902,0.5144736842105263,0.509894696696824,0.509771101270561
within_scenario_family,9,0.5460526315789473,0.5475490196078432,0.554404761904762,0.5171052631578947,0.5114555303656305,0.4953139676956869
within_scenario_family,10,0.5276315789473685,0.5227591036414565,0.5396848739495799,0.5184210526315789,0.5148561702368089,0.5122924479663256
within_scenario_family,11,0.5421052631578948,0.5392156862745098,0.5447128851540616,0.5171052631578947,0.5148243885557697,0.5212478194235509
within_scenario_family,12,0.5236842105263158,0.5225490196078431,0.5156652661064426,0.5263157894736842,0.517667083359818,0.5279360976333242
within_scenario_family,13,0.5289473684210526,0.5214285714285715,0.5353851540616247,0.5289473684210526,0.5188535994519425,0.5230911569238158
within_scenario_family,14,0.5078947368421053,0.500140056022409,0.524124649859944,0.5092105263157894,0.5000353129789323,0.528910735851855
within_scenario_family,15,0.5236842105263158,0.5242296918767507,0.5378641456582633,0.4789473684210526,0.4775939148674704,0.5018186184150123
within_scenario_family,16,0.5328947368421053,0.5311624649859944,0.5404971988795518,0.5171052631578947,0.5181932467459089,0.5214102591266394
within_scenario_family,17,0.5210526315789473,0.5218487394957982,0.5285924369747899,0.5263157894736842,0.5266507052001893,0.5370750965809974
within_scenario_family,18,0.5263157894736842,0.5224089635854342,0.5228221288515407,0.5302631578947369,0.5297405908567635,0.5423226052503337
within_scenario_family,19,0.5342105263157895,0.5295518207282913,0.5203571428571429,0.5368421052631579,0.5377601683722835,0.5307046351816147
within_scenario_family,20,0.5276315789473685,0.525,0.5199159663865547,0.5131578947368421,0.50724269197901,0.5141357854665903
within_scenario_family,21,0.5197368421052632,0.513095238095238,0.5145518207282913,0.5092105263157894,0.5045271238991178,0.4909210331165117
within_scenario_family,22,0.5302631578947369,0.5254201680672269,0.5171288515406163,0.4934210526315789,0.4944134867329138,0.49478427301170275
within_scenario_family,23,0.5144736842105263,0.5083333333333333,0.5139145658263305,0.48947368421052634,0.4898263307696111,0.47932425083515195
within_scenario_family,24,0.5092105263157894,0.5024509803921569,0.5202450980392157,0.4986842105263158,0.497160836493845,0.4853980832115035
global,0,0.4263157894736842,0.5,0.5,0.4631578947368421,0.5,0.5
global,1,0.4842105263157895,0.472760221995696,0.4647539358930796,0.5092105263157894,0.5064338235294117,0.5046861073975044
global,2,0.5171052631578947,0.5160975195378865,0.5193538339562804,0.5092105263157894,0.5072136809269162,0.5096089572192514
global,3,0.4776315789473684,0.47178332767017783,0.46339477857061956,0.5118421052631579,0.5040106951871658,0.5118719362745099
global,4,0.46578947368421053,0.45630875523841885,0.44229952429493713,0.5118421052631579,0.5069351604278075,0.5105768159536542
global,5,0.48289473684210527,0.47438837920489296,0.45407180881187,0.5013157894736842,0.4971312388591801,0.499902517825312
global,6,0.4855263157894737,0.48183542870087215,0.47192490655793407,0.5223684210526316,0.5175189393939394,0.520248440285205
global,7,0.5013157894736842,0.49916468456223806,0.4834281911881301,0.5,0.49941510695187163,0.5095671791443851
global,8,0.5092105263157894,0.5024776305357345,0.4976427115188583,0.5026315789473684,0.49952651515151514,0.4996936274509804
global,9,0.4644736842105263,0.46626175104768375,0.46569543549665876,0.4842105263157895,0.48197972370766484,0.49094808377896615
global,10,0.4513157894736842,0.45717238645373204,0.4763209310227659,0.475,0.47262143493761144,0.46680035650623886
global,11,0.46710526315789475,0.4689517499150526,0.4659785932721713,0.4842105263157895,0.4813948306595366,0.47768354500891264
global,12,0.48289473684210527,0.4807311133763733,0.4835202174651716,0.506578947368421,0.5022281639928698,0.4846535204991087
global,13,0.48947368421052634,0.4892400045305244,0.48974260958205906,0.5197368421052632,0.5152629233511586,0.5065243426916222
global,14,0.4934210526315789,0.4914911088458489,0.4853041114509004,0.4881578947368421,0.48136697860962563,0.5060021167557932
global,15,0.4697368421052632,0.4763987994110318,0.4756342734171481,0.49736842105263157,0.49793894830659535,0.48803754456327986
global,16,0.49078947368421055,0.4927653188356552,0.5037164458036018,0.4723684210526316,0.4705603832442068,0.4711174242424243
global,17,0.48289473684210527,0.4914344772907464,0.4972321327443652,0.4881578947368421,0.4854612299465241,0.4777322860962566
global,18,0.4986842105263158,0.5024209989806321,0.5050614452372862,0.4881578947368421,0.4854612299465241,0.49139371657754005
global,19,0.5184210526315789,0.5204156756144525,0.518992807792502,0.4855263157894737,0.48320521390374327,0.47559464126559714
global,20,0.49605263157894736,0.4969560539132405,0.499808868501529,0.5026315789473684,0.49991644385026734,0.5238692067736185
global,21,0.5223684210526316,0.5187025710726016,0.5197714916751615,0.48947368421052634,0.4866867201426025,0.5067123440285205
global,22,0.4842105263157895,0.4846528485672217,0.4978621587948805,0.4868421052631579,0.4844307040998218,0.4974654634581105
global,23,0.48289473684210527,0.4866774266621362,0.4924680031713671,0.5013157894736842,0.4988859180035651,0.509518438057041
global,24,0.48026315789473684,0.4839874277947673,0.47248414316457127,0.5078947368421053,0.5052083333333333,0.5087803587344029
permuted_alignment,0,0.4421052631578947,0.5,0.5,0.45394736842105265,0.5,0.5
permuted_alignment,1,0.5092105263157894,0.5070193171608266,0.5138771900269542,0.4868421052631579,0.48440719399336474,0.48796926837785926
permuted_alignment,2,0.49605263157894736,0.48904986522911054,0.48788465858041324,0.5052631578947369,0.5022524882137245,0.49041382922996335
permuted_alignment,3,0.5368421052631579,0.5382693171608266,0.5494861859838275,0.5131578947368421,0.5085035795355335,0.494436877946569
permuted_alignment,4,0.5157894736842106,0.5126066936208445,0.5287792003593891,0.4921052631578947,0.4902042954426401,0.4883534136546185
permuted_alignment,5,0.5026315789473684,0.4974168912848158,0.5105008984725966,0.5157894736842106,0.508957569408067,0.5142308363890343
permuted_alignment,6,0.5263157894736842,0.5214229559748428,0.5306112421383647,0.5263157894736842,0.5264187183516675,0.5222420115243582
permuted_alignment,7,0.5171052631578947,0.5181098382749326,0.5161444294699011,0.5197368421052632,0.5223502706478086,0.5186519993015539
permuted_alignment,8,0.5171052631578947,0.5128593890386344,0.5212755503144654,0.5092105263157894,0.5034223851929457,0.4938362144229091
permuted_alignment,9,0.5118421052631579,0.5059804582210242,0.5108378256963163,0.5039473684210526,0.5003143006809848,0.5109341714684827
permuted_alignment,10,0.5342105263157895,0.5226302785265049,0.5326959793351304,0.5144736842105263,0.5106862231534836,0.5057237646237123
permuted_alignment,11,0.525,0.5100516621743036,0.5176746406109614,0.5039473684210526,0.4981141959140911,0.5007368604854199
permuted_alignment,12,0.5,0.4873371518418688,0.4919418238993711,0.5039473684210526,0.4978697398288807,0.5032792037716081
permuted_alignment,13,0.5118421052631579,0.5019654088050315,0.5019864667565139,0.5013157894736842,0.49497118910424304,0.5082311856120133
permuted_alignment,14,0.5013157894736842,0.4943845462713387,0.49826622866127585,0.5105263157894737,0.5080495896629998,0.5162283918281823
permuted_alignment,15,0.4934210526315789,0.48082322551662177,0.4995226864330638,0.5342105263157895,0.5358477387812117,0.5505011349746813
permuted_alignment,16,0.48947368421052634,0.4828447888589398,0.4863755053908355,0.506578947368421,0.5085908852802514,0.5189523310633839
permuted_alignment,17,0.5026315789473684,0.4940195417789758,0.4848242362982929,0.5263157894736842,0.5256853500960363,0.5246865723764623
permuted_alignment,18,0.5026315789473684,0.4977257412398922,0.4994033580413298,0.48947368421052634,0.487061288632792,0.48379256155055
permuted_alignment,19,0.5184210526315789,0.5140386343216532,0.5217318059299192,0.48289473684210527,0.48299284092893313,0.4752156451894535
permuted_alignment,20,0.5078947368421053,0.5058400718778078,0.5120662061994609,0.4868421052631579,0.4826960013968919,0.4803841452767592
permuted_alignment,21,0.5092105263157894,0.5020777178796046,0.5159689465408805,0.49078947368421055,0.48337698620569236,0.4742378208486118
permuted_alignment,22,0.5197368421052632,0.5087320305480683,0.5157232704402516,0.5052631578947369,0.5020080321285141,0.4882765845992667
permuted_alignment,23,0.5157894736842106,0.5067385444743935,0.5223284478885893,0.5144736842105263,0.5111751353239044,0.5065549153134277
permuted_alignment,24,0.5210526315789473,0.506513926325247,0.4982732479784366,0.5039473684210526,0.5003143006809848,0.49864850707176533
